loss_act,loss_q1,loss_q2,loss_ent,reward
0.29171839356422424,0.0003556078881956637,0.000654359464533627,1.056830883026123,0.0
-0.02202649973332882,0.007914330810308456,0.021670257672667503,2.5461840629577637,0.0
-0.011579534038901329,0.3416248559951782,0.3341076374053955,3.3380656242370605,-0.6827717303490245
-0.07710064947605133,0.003030778607353568,0.0017596145626157522,1.465737223625183,0.0
-0.02747206576168537,0.0005240024765953422,0.00048756663454696536,1.4558950662612915,0.0
0.35201549530029297,0.023722879588603973,0.02288512885570526,0.863998293876648,-0.6615401088013124
-0.10942894965410233,0.2943679094314575,0.28316327929496765,-0.28795552253723145,0.6506587345900041
0.0857624039053917,0.00017066305736079812,0.007459952961653471,0.19668006896972656,0.0
-0.012577233836054802,0.00012652442092075944,0.0007801150204613805,0.45574045181274414,0.0
-0.010043133981525898,0.00010037529864348471,0.00014839516370557249,0.335335373878479,0.0
-0.002801530295982957,7.883548823883757e-05,0.00017599438433535397,0.18683040142059326,0.0
-0.019690420478582382,0.0005671529215760529,0.0003752012562472373,0.23791801929473877,0.0
-0.01510574296116829,0.14498993754386902,0.1424589604139328,0.45686250925064087,0.4315516580077
0.020449260249733925,0.0009242449887096882,0.0003587109677027911,0.010118722915649414,0.0
0.01012701541185379,3.7707435694755986e-05,0.00013022460916545242,0.28292226791381836,0.0
-0.012808856554329395,0.0003780706610996276,0.00042934640077874064,0.2545078992843628,0.0
-0.0046213651075959206,0.00013985509576741606,6.672347581115901e-07,0.3884463310241699,0.0
-0.06894256919622421,0.005248090717941523,0.015422501601278782,0.7223226428031921,0.0
-0.01785833016037941,0.00048528987099416554,0.0007323857280425727,0.22042524814605713,0.0
-0.0020518815144896507,0.2534201145172119,0.2722708582878113,0.06500816345214844,0.5326872260741381
-0.059288255870342255,0.003686977783218026,0.005014545284211636,0.26125991344451904,0.0
0.008883349597454071,0.00047145356074906886,1.4826387086941395e-05,0.10142028331756592,0.0
0.00791088119149208,0.0001503553066868335,1.314390658535558e-07,0.3073406219482422,0.0
0.01405076589435339,4.02961450163275e-05,0.00016025613876990974,0.10123813152313232,0.0
0.047576628625392914,0.00027996418066322803,8.699775935383514e-05,0.2707986831665039,0.005847893915968516
-0.287484735250473,0.00872802548110485,0.012431537732481956,0.8724567890167236,0.5694596613235088
-0.06562220305204391,0.14095711708068848,0.11155945807695389,0.8582493662834167,0.0
-0.04388907179236412,0.004876245744526386,0.003794689429923892,0.813227653503418,0.0
0.03162737563252449,3.0530405638273805e-05,0.0004667143803089857,-0.6914206743240356,0.0
-0.16752125322818756,0.029756927862763405,0.039920832961797714,0.03608393669128418,0.0
-0.051122069358825684,0.003639283124357462,0.003789605339989066,-0.5819164514541626,0.0
0.03183409199118614,0.0022354843094944954,0.0022013119887560606,-0.6157392263412476,0.06582832056356236
-0.23208513855934143,0.1473046839237213,0.177098348736763,0.010162830352783203,0.6288102812653427
-0.017387188971042633,0.0009298070799559355,0.0003907737263944,-0.40130341053009033,0.0
-0.04151815176010132,0.00559133430942893,0.002963427919894457,0.3779207468032837,0.0
-0.5831745862960815,0.09027670323848724,0.08285444229841232,-0.5168179273605347,0.3260257739120399
-0.44129931926727295,0.16231825947761536,0.14487771689891815,-0.37992703914642334,0.8224753442938235
-0.2975907623767853,0.09223805367946625,0.09612175077199936,-0.2593245506286621,0.0
-0.04210476577281952,0.003231483744457364,0.0024080423172563314,-0.5092048645019531,0.0
0.08293791860342026,0.00020172163203824311,0.004685880616307259,-0.3266340494155884,0.0
-0.32163184881210327,0.3429733216762543,0.36817407608032227,0.013796567916870117,-0.27193554666452036
-0.03722788766026497,2.4529043002985418e-05,0.0001703758171061054,0.3194291591644287,0.0
-0.03918975591659546,0.0005262648919597268,0.0019022602355107665,-0.43712615966796875,0.0
-0.011938941664993763,0.00017060028039850295,0.0014953772770240903,-0.6270841360092163,0.0
-0.07382151484489441,0.33422404527664185,0.35620221495628357,-0.48714935779571533,0.6250671613065479
-0.09337680041790009,0.09326121211051941,0.03939792886376381,-0.6462749242782593,0.40113022852778835
0.019585978239774704,6.008705533133707e-09,0.00016886999947018921,-0.19816195964813232,0.0
-0.2778729796409607,0.001029477920383215,0.003045626450330019,-0.9464606046676636,0.3341075418773731
-0.3239249289035797,0.21542273461818695,0.2840404510498047,-1.0792745351791382,0.8273332529369261
-0.002367527224123478,0.00022413884289562702,0.00026153345243074,-0.7058972120285034,0.0
0.027330821380019188,0.0006919046863913536,0.0009682959644123912,-0.28561127185821533,0.0
-0.056436777114868164,0.0033001836854964495,0.005492938216775656,-0.3296635150909424,0.0
-0.09794235974550247,0.011864871717989445,0.01567763462662697,-0.3922373056411743,0.0
0.014062073081731796,3.865579401463037e-06,3.906795973307453e-05,-0.3661479949951172,0.0
-0.04165684059262276,0.002511500148102641,7.322233432205394e-05,-0.2841989994049072,0.0
-0.0135871646925807,0.0013376211281865835,3.967165685025975e-05,-0.3246263265609741,0.0
-0.2185608148574829,0.048152074217796326,0.04939369112253189,-0.8485466241836548,0.0
0.009372716769576073,0.001137472689151764,1.4854202845526743e-06,-0.6755334138870239,0.0
-0.08728162199258804,0.00913229025900364,0.01332030352205038,-0.36493217945098877,0.0
-0.3486323654651642,0.22346411645412445,0.19755807518959045,-0.8448539972305298,0.7949762485217958
-0.012074274942278862,0.0016540776705369353,0.0005358227645047009,-0.5923377275466919,0.0
-0.059634365141391754,0.005500353407114744,0.009589003399014473,-0.5534690618515015,0.0
0.010937457904219627,1.458049337088596e-05,0.0001097995336749591,-0.49017536640167236,0.0
-0.17518512904644012,0.0365997850894928,0.03643116354942322,-0.8190621137619019,0.0
-0.3550170361995697,2.7122494429931976e-05,0.0005080222035758197,-0.8741174936294556,0.36180664115876937
-0.0782981663942337,0.00011635645205387846,0.0007398903835564852,-0.4337613582611084,0.07305062577293076
-0.005889006890356541,0.0015372607158496976,0.0007213620701804757,-0.07519364356994629,0.0
-0.17376191914081573,0.011011902242898941,0.010579150170087814,-0.44979918003082275,0.29320594371206465
-0.5185289978981018,0.14652857184410095,0.15386268496513367,-1.1527413129806519,0.1462007256464276
0.007226806133985519,8.761049684835598e-06,0.00037744196015410125,-0.2186206579208374,0.0
-0.38756629824638367,0.0008448061416856945,0.0003611186984926462,-0.9967824220657349,0.4134395458786121
-0.4410521388053894,0.0037096235901117325,0.0032945293933153152,-1.1796818971633911,0.5367802820114536
-0.5110654830932617,0.04982093721628189,0.05014325678348541,-0.9477540254592896,0.7469932927483398
-0.009834680706262589,0.0009750276803970337,0.00022687290038447827,-0.49479126930236816,0.0
-0.008500397205352783,0.0014970891643315554,0.0003035136905964464,-0.5264472961425781,0.0
-0.0034405929036438465,0.00026921453536488116,6.732902693329379e-05,-0.5868219137191772,0.013153266947201314
-0.15100106596946716,0.0012528859078884125,0.003184166271239519,-1.204978108406067,0.24061583302237266
0.011249163188040257,5.187943770579295e-06,9.46008185565006e-07,-0.9328244924545288,0.0
-0.002677475567907095,3.526910222717561e-05,2.6821038773050532e-05,-0.4466780424118042,0.0
0.010170681402087212,1.1442215509305242e-05,0.00010497355833649635,-0.17429256439208984,0.0
0.0046456544660031796,0.0006986907101236284,3.610780595408869e-06,0.12597644329071045,0.0
-0.0050059095956385136,0.00011877577344421297,1.7886504792841151e-06,-0.02177274227142334,0.0
0.010680553503334522,6.318071245914325e-05,1.93284431588836e-05,-0.2553248405456543,0.0
0.018458127975463867,2.623906584631186e-05,1.0564795047685038e-05,-0.6022435426712036,0.0
-0.001482136081904173,5.669607617164729e-06,3.604190715122968e-05,-0.09948348999023438,0.0
-0.007593948394060135,0.0012063432950526476,0.0002491961349733174,-0.4667011499404907,0.0
-0.01591244526207447,0.0011100969277322292,0.00030659724143333733,0.15751147270202637,0.0
-0.20975126326084137,0.029238443821668625,0.03392506763339043,-0.2766376733779907,0.0
-0.20558321475982666,0.4616653025150299,0.4645864963531494,-0.4591749906539917,0.8886960641561797
-0.20649518072605133,0.00379198114387691,0.006653524003922939,-0.2929321527481079,0.16076929746959445
-0.5708117485046387,0.02849975787103176,0.03993722051382065,-0.9193199872970581,0.41798437620222806
-0.4453374147415161,0.0051457853987813,0.011491244658827782,-0.833236813545227,0.3828100515029659
-0.7547906041145325,0.036478761583566666,0.033213939517736435,-1.3199082612991333,0.9218121795935497
-0.08354409784078598,0.0039881994016468525,0.0024608271196484566,-0.41505563259124756,0.16572022514332785
-0.44325312972068787,0.0650833323597908,0.06405484676361084,-0.6619788408279419,0.7131371209306542
-0.08520039916038513,0.056817665696144104,0.05954776704311371,-0.8640676736831665,0.340817312762726
-0.18290577828884125,0.17359930276870728,0.18337255716323853,-0.971840500831604,0.6113546325187049
0.13466674089431763,0.0007831908296793699,0.021193668246269226,-0.6082628965377808,0.0
-0.0879974439740181,0.005111598409712315,0.005517696961760521,-0.7002094984054565,0.0
-0.3724708557128906,0.21637502312660217,0.23111912608146667,-1.0713826417922974,0.8691094398440121
-0.17399799823760986,0.04078508913516998,0.04318489506840706,-0.7179120779037476,0.0
-0.008220489136874676,0.00047819825704209507,0.0028410679660737514,-0.5005307197570801,0.0
-0.4094628691673279,0.019155917689204216,0.02875830978155136,-1.0544804334640503,0.5826029864531643
-0.02821221388876438,0.0005714792059734464,0.001233088318258524,-0.21698212623596191,0.0
-0.37302127480506897,0.00017397849296685308,5.057073849457083e-06,-0.6529823541641235,0.35608229253303725
-0.15488070249557495,0.02737598679959774,0.024660391733050346,-0.3673081398010254,0.0
-0.08826807141304016,0.040979254990816116,0.03800119832158089,-0.44031035900115967,-0.0972355480926681
0.008549347519874573,2.4403152565355413e-05,0.00019130099099129438,-0.1433887481689453,0.0
-0.026233548298478127,0.013112676329910755,0.011325221508741379,-0.06860363483428955,-0.04806734267025592
-0.1908455342054367,0.06901226937770844,0.06808523088693619,-0.4339110851287842,-0.04840048205135117
-0.036926526576280594,0.006774083245545626,0.025133833289146423,0.08194243907928467,0.18893321452420797
-0.037745457142591476,0.3879573345184326,0.396707683801651,0.3998723030090332,-0.5285244274184668
-0.18455742299556732,0.09806261956691742,0.12344532459974289,-0.6370588541030884,-0.12786198161143847
-0.016082901507616043,0.021963056176900864,0.033379558473825455,-0.26666080951690674,0.1984156909589515
-0.08848529309034348,0.021648749709129333,0.008044444024562836,-0.6149345636367798,0.0
-0.027956653386354446,0.0009516073623672128,0.0008664479246363044,-0.2147235870361328,0.0
-0.5607576966285706,0.28581950068473816,0.29366347193717957,-1.5085805654525757,0.06693883485821761
-0.153666689991951,0.02949087880551815,0.02619762346148491,-0.39314043521881104,0.0
0.042238034307956696,0.0013927820837125182,0.00025363604072481394,0.10518419742584229,0.0
-0.008271444588899612,0.0013123287353664637,0.00023235556727740914,-0.366519570350647,0.0
-0.015646588057279587,0.003283831523731351,0.0004693583177868277,-0.4584653377532959,0.0
-0.2862490713596344,0.16289366781711578,0.16750051081180573,-0.6913491487503052,0.6936806364303266
-0.3378216028213501,0.12395154684782028,0.1281665414571762,-0.9020384550094604,0.0
-0.01005779579281807,0.00017389506683684886,0.0021548469085246325,0.204809308052063,0.0
-0.24613060057163239,0.003984174691140652,0.002814947161823511,-0.47347211837768555,0.1900273441920849
0.005605957005172968,0.018771635368466377,0.013627955690026283,-0.005308032035827637,0.12996997842990987
-0.01639915630221367,0.0006820127018727362,0.00019697478273883462,-0.06932318210601807,0.0
-0.2350664734840393,0.09893407672643661,0.10973833501338959,-0.470309853553772,0.5628518093969791
-0.017807036638259888,0.0006421157158911228,0.0007828897796571255,-0.09953463077545166,0.0
-0.06407011300325394,0.0035251963417977095,0.004468447063118219,-0.2976030111312866,0.0
-0.2774893343448639,0.03662323206663132,0.04220832884311676,-0.7614380121231079,0.49868087620469603
0.02556953951716423,0.00013678813411388546,1.0842905794561375e-05,-0.5453875064849854,0.0
0.0207928828895092,4.605065555551846e-07,2.6014813556685112e-05,-0.3390161991119385,0.0
-0.4325029253959656,0.046724848449230194,0.042662594467401505,-1.2056409120559692,0.649170588356969
-0.5339018702507019,0.04261884093284607,0.040753550827503204,-1.116655945777893,0.7416885005742955
-0.11810145527124405,0.00836029089987278,0.007809202186763287,-0.36811697483062744,0.0
-0.14249815046787262,0.12008065730333328,0.11679532378911972,-0.4671809673309326,-0.19030747355334976
-0.070511095225811,0.0008809111895971,0.0013989455765113235,-0.4425574541091919,0.04765075477408687
-0.019142575562000275,0.001778715173713863,0.000559172360226512,-0.19242489337921143,0.0
-0.4246930181980133,0.152918741106987,0.16802996397018433,-1.1749709844589233,0.856493946721126
-0.05282185226678848,0.025361670181155205,0.027588505297899246,-0.4847676753997803,0.23790311490099958
-0.1442927122116089,0.02856808714568615,0.02592364326119423,-0.49684298038482666,0.0
-0.011433817446231842,0.00014876796922180802,0.0003939622547477484,-0.22908687591552734,0.0
-0.058152906596660614,0.006020782049745321,0.004572555422782898,-0.4856839179992676,0.0
-0.02307220920920372,0.06174226105213165,0.07002279907464981,-0.1214139461517334,0.29335910284788613
-0.27331528067588806,0.006510298233479261,0.009341246448457241,-1.0530990362167358,0.38531246541113817
-0.07649148255586624,0.20154769718647003,0.1930302083492279,-0.3688098192214966,0.529793789849119
-0.28795236349105835,0.03358538821339607,0.04567403718829155,-0.6082254648208618,0.10206274486481048
-0.21601632237434387,0.07709451764822006,0.07606633752584457,-0.3763343095779419,0.4926771383914105
-0.3898715376853943,0.0006127259694039822,0.0006120430771261454,-0.6524146795272827,0.37599467132356046
-0.036128684878349304,0.06065339222550392,0.06153075769543648,-0.19577443599700928,0.2924264843889707
-0.4498826563358307,0.06709478795528412,0.05670618265867233,-0.7094372510910034,0.21541890926693397
-0.08486653864383698,0.009125981479883194,0.00899691041558981,-0.3752802610397339,0.0
-0.48190629482269287,0.04218827560544014,0.04023212194442749,-0.8578654527664185,0.30730087501107706
-0.019961070269346237,0.0006725010462105274,0.0008662182954140007,-0.05556952953338623,0.0
-0.12331806868314743,0.02722746506333351,0.026371579617261887,-0.5721510648727417,0.27213148417240207
-0.08044686168432236,0.007975872606039047,0.007269470486789942,-0.34440839290618896,0.0
-0.025832101702690125,0.0015666827093809843,0.0010912326397374272,-0.19471967220306396,0.0
0.013074330985546112,9.446668627788313e-06,0.00032182782888412476,-0.33331334590911865,0.0
-0.3084447979927063,0.0030403428245335817,0.003471601055935025,-0.905394434928894,0.3834323001922715
-0.05448893457651138,0.002670171670615673,0.0037959434557706118,-0.12539541721343994,0.0
-0.42206376791000366,0.2528499662876129,0.2534407079219818,-0.8539520502090454,0.9331067119816187
-0.0816272422671318,0.14558880031108856,0.14704439043998718,-0.2853785753250122,-0.2960915187258215
-0.36716803908348083,0.28363993763923645,0.28090617060661316,-0.9253758192062378,0.9028722494683655
-0.3723193407058716,0.11132343113422394,0.10688827931880951,-0.8314245939254761,0.07202933437323122
-0.017682241275906563,0.0015572212869301438,0.00025766275939531624,-0.5496197938919067,0.0
-0.4033999741077423,0.28517812490463257,0.2902846932411194,-1.1431094408035278,0.9527995730239593
-0.0030233049765229225,0.00019957806216552854,9.586918167769909e-05,-0.23076200485229492,0.0
-0.08130252361297607,0.0072502936236560345,0.016434786841273308,-0.5058349370956421,0.0
-0.020994888618588448,0.001752412412315607,0.001135150552727282,-0.5803093910217285,0.0
-0.19895628094673157,0.054396312683820724,0.04555235803127289,-0.6527031660079956,0.0
-0.2705129086971283,0.21093659102916718,0.20471040904521942,-0.947640061378479,0.7336169422608503
-0.5090755224227905,0.01170051097869873,0.012640298344194889,-1.1473921537399292,0.4138951942571598
-0.14335869252681732,0.03367811068892479,0.025589939206838608,-0.6229509115219116,0.0
-0.4211788475513458,0.24753020703792572,0.2372346818447113,-0.8415542840957642,0.9213466741786102
-0.5694873332977295,0.029971450567245483,0.03060266561806202,-0.9087547063827515,0.7543139616118678
-0.13075439631938934,0.024066971614956856,0.032225050032138824,-0.9206396341323853,0.0
-0.010188305750489235,0.011411340907216072,0.010068397037684917,-0.6110907793045044,0.1193282307193031
-0.05226024240255356,0.004111379384994507,0.004263679962605238,-0.771926999092102,0.0
-0.42265585064888,0.04386196658015251,0.04346095398068428,-0.8429332971572876,0.635817663175509
-0.008711463771760464,0.0019208405865356326,0.000367497093975544,-0.8797200918197632,0.0
-0.2376878708600998,0.05972897633910179,0.06639586389064789,-0.7252386808395386,0.0
-0.1247658059000969,0.017767008394002914,0.0261965524405241,-0.5539915561676025,0.0
-0.05780097097158432,0.008637365885078907,0.005977923050522804,-0.6674731969833374,0.0
-0.011494824662804604,0.0025284811854362488,0.0006244598771445453,-0.5886741876602173,0.0500827879515241
-0.00112147256731987,4.619405444827862e-05,0.00030808511655777693,-0.3427560329437256,0.0
-0.31301915645599365,0.10665053874254227,0.11488785594701767,-0.9482413530349731,0.0
-0.06307590007781982,0.007802307605743408,0.00509220827370882,-0.7315994501113892,0.0
-0.10729900747537613,0.012949306517839432,0.015059275552630424,-0.8463329076766968,0.0
-0.2636867165565491,0.16752022504806519,0.16966921091079712,-0.7406941652297974,0.6913297187330054
-0.206215500831604,0.26087358593940735,0.25233837962150574,-0.5774303674697876,0.7233537497888154
-0.08207059651613235,0.12700609862804413,0.13271993398666382,-0.47618257999420166,0.47250526515233837
-0.4390561580657959,0.0005506303277797997,0.0012139659374952316,-0.8816400766372681,0.4155262796463006
-0.12152658402919769,0.051560916006565094,0.048520904034376144,-0.4968094825744629,0.35820708494562914
-0.31040164828300476,0.2800742983818054,0.2885183095932007,-1.0518776178359985,0.8548284130054374
0.024244112893939018,0.00035770723479799926,0.0005341903306543827,-0.412868857383728,0.0
-0.1535150110721588,0.028115825727581978,0.02838130109012127,-0.7748609781265259,0.0
-0.09283596277236938,0.033704329282045364,0.03238222748041153,-0.3471536636352539,0.2815242122693882
-0.4853951036930084,0.25705137848854065,0.2631639242172241,-0.7324956655502319,0.0
-0.2757295072078705,0.0747031643986702,0.07306914776563644,-0.852547287940979,0.02341673780945086
-0.017197217792272568,8.801077638054267e-05,0.0004840852343477309,-0.2869969606399536,0.0
-0.38704800605773926,0.016136648133397102,0.02020188234746456,-0.9264925718307495,0.5201418155446976
-0.22340652346611023,0.14659985899925232,0.148373082280159,-0.7838276624679565,0.6198090647622406
-0.4096079170703888,0.021403538063168526,0.02055896632373333,-0.9606515169143677,0.26882153537245634
-0.5288857817649841,0.31830742955207825,0.3146260380744934,-1.5050710439682007,0.0
-0.23023010790348053,0.004857516847550869,0.007508165668696165,-0.9418274164199829,0.32534848263192373
-0.31222838163375854,0.09262102097272873,0.10602102428674698,-0.8797129392623901,0.0
-0.1556616872549057,0.0918758362531662,0.10694058984518051,-0.7398687601089478,0.4976892369927567
0.010729853995144367,2.9990471830387833e-06,0.00021885911701247096,-0.33561837673187256,0.0
-0.3482280969619751,0.007840617559850216,0.00610625883564353,-0.9788552522659302,0.2887631443985911
0.002225360134616494,4.972048554918729e-05,0.0003296263166703284,-0.5112866163253784,0.0018254953100839133
-0.07558903098106384,0.00688268942758441,0.008497819304466248,-0.5623183250427246,0.0
-0.07185196131467819,0.03615812584757805,0.03144063800573349,-0.5589718818664551,0.2614291052502453
-0.17650240659713745,0.008977292105555534,0.008568571880459785,-0.7117308378219604,0.28271740479391494
-0.27137377858161926,0.06079818680882454,0.0521089993417263,-0.75395667552948,0.0
-0.005586426705121994,3.106311123701744e-05,0.0001337269932264462,-0.46374034881591797,0.0
-0.3072732090950012,0.027066702023148537,0.029639260843396187,-0.8071607351303101,0.49223352000439
-0.5365287661552429,0.15248192846775055,0.14410828053951263,-0.8749798536300659,0.9260230566372607
-0.3750653564929962,0.09419042617082596,0.08978530764579773,-0.7186323404312134,0.08168829039163805
-0.12037785351276398,0.07425948977470398,0.06498697400093079,-0.7325471639633179,0.3701209825347891
-0.0751381441950798,0.01050680410116911,0.006294155027717352,-0.5582699775695801,0.0
-0.15222525596618652,0.026078782975673676,0.029068464413285255,-0.4106414318084717,0.0
-0.05862371623516083,0.005732371471822262,0.005293001886457205,-0.48871445655822754,0.0
-0.3896079957485199,0.23241177201271057,0.2249002456665039,-0.9187599420547485,0.8767890215491946
-0.2408972531557083,0.06668797880411148,0.06506350636482239,-0.5618000030517578,0.0
-0.5118891596794128,0.08842524141073227,0.0932176262140274,-0.8403002023696899,0.8200147475801614
0.05276908725500107,0.0018965089693665504,0.0008426346466876566,-0.6698669195175171,0.0
-0.2567210793495178,0.07771498709917068,0.07492337375879288,-0.608336329460144,0.0
-0.03653997927904129,0.06692275404930115,0.059394076466560364,-0.37469303607940674,0.3001023391404496
-0.14609543979167938,0.027846183627843857,0.025319429114460945,-0.5450420379638672,0.0
-0.1512017846107483,0.001170341158285737,0.0012650263961404562,-0.525342583656311,0.19077428197397805
-0.3371216952800751,0.07364179939031601,0.0703800767660141,-0.4807814359664917,0.6159690267053556
-0.01968739740550518,0.0027057724073529243,0.0025044914800673723,-1.1605414152145386,-0.015941546096527093
-0.24488022923469543,0.008318254724144936,0.008833094500005245,-0.4273872375488281,0.34678792522139923
-0.03266797214746475,0.0023284058552235365,0.00203886441886425,-1.1408368349075317,0.0
-0.11204922199249268,0.014927773736417294,0.018955731764435768,-0.7973548173904419,0.0
-0.319750040769577,0.10790639370679855,0.11240386962890625,-0.8052536249160767,0.0
-0.03687751293182373,0.0026104243006557226,0.002753364620730281,-0.8620826005935669,0.0
-0.0755920559167862,0.00852875504642725,0.01613946072757244,-0.8171645402908325,0.0
0.018099520355463028,0.0007345456979237497,0.0015034856041893363,-1.0019649267196655,0.027097437999997642
-0.03454940766096115,0.002647294895723462,0.0029785323422402143,-0.9916955232620239,0.0
-0.37692996859550476,0.1155407726764679,0.11052302271127701,-0.9349178075790405,0.7174255340282797
-0.024002626538276672,0.02698306180536747,0.026741137728095055,-0.5463379621505737,0.19327342388108426
-0.48507317900657654,0.021526258438825607,0.02268766239285469,-0.8087865114212036,0.3522313669150331
-0.18233424425125122,0.008464790880680084,0.00525706959888339,-0.8249279260635376,0.12133982551047007
-0.3390810489654541,0.04901113361120224,0.051144782453775406,-0.8468390703201294,0.12276447258454759
-0.07642995566129684,0.09980926662683487,0.09366574883460999,-0.47925233840942383,-0.23214830641311912
-0.1780739575624466,0.15398919582366943,0.13556279242038727,-0.8789335489273071,0.565061524971803
-0.042619023472070694,0.0022850269451737404,0.0028084523510187864,-0.5160577297210693,0.0
-0.41423630714416504,0.18732230365276337,0.19822463393211365,-0.8601711988449097,0.0
-0.02538331225514412,0.0015844394220039248,0.001326566911302507,-0.7623304128646851,0.0
-0.49340102076530457,0.11703772842884064,0.11268434673547745,-1.2790836095809937,0.18073571317075754
-0.3690308630466461,0.03619140759110451,0.03703954815864563,-0.9333175420761108,0.1905386858579744
-0.4927220642566681,0.22424086928367615,0.22235742211341858,-0.8103476762771606,0.03150034098245813
0.024252792820334435,0.0005299004842527211,6.369294715113938e-05,-0.7368513345718384,0.0
-0.005543457344174385,0.0004038056649733335,0.0006188444094732404,-0.8975132703781128,0.0
-0.06551013886928558,0.007393603213131428,0.005694990046322346,-0.5958973169326782,0.0
-0.21221095323562622,0.008128989487886429,0.0025498804170638323,-0.8099414110183716,0.1677027949564468
-0.4555701017379761,0.12267859280109406,0.11467103660106659,-0.6079999208450317,0.8223811001943027
-0.00019533326849341393,0.008718602359294891,0.008957008831202984,-0.1873183250427246,0.09188734660253772
-0.24379567801952362,0.023442069068551064,0.025083791464567184,-0.8185907602310181,0.41065844066494583
-0.01228812150657177,0.0007949459250085056,0.0006276980857364833,-0.9626647233963013,0.0
-0.21075250208377838,0.11856459081172943,0.1371404528617859,-0.7780994176864624,0.5670438331755319
-0.01674238219857216,0.001529801171272993,0.0009810312185436487,-0.6031554937362671,0.0
-0.03809741884469986,0.0018225539242848754,0.0016380250453948975,-0.3633842468261719,0.0
-0.04944580793380737,0.0972529724240303,0.09920600056648254,-0.7829259634017944,0.3753591085576341
-0.07564342767000198,0.007050117943435907,0.017407437786459923,-0.7934664487838745,0.0
-0.06432841718196869,0.009974873624742031,0.005712874699383974,-0.7139064073562622,0.0
-0.12906929850578308,0.0031048431992530823,0.0029182282742112875,-0.5761010646820068,0.10732246837934012
-0.28602802753448486,0.09461545944213867,0.09729145467281342,-0.5016889572143555,0.0
-0.03252233937382698,0.0004198852111585438,0.001216792967170477,-0.5412989854812622,0.0
0.034819938242435455,0.00018589601677376777,3.503061452647671e-05,-0.5938810110092163,0.0
-0.06754297018051147,0.009768730029463768,0.010961945168673992,-0.4959801435470581,0.0
-0.009442337788641453,0.006726778112351894,0.0035788037348538637,-0.6847912073135376,0.11093354211357653
-0.036125827580690384,0.0021099294535815716,0.0026474485639482737,-1.2954539060592651,0.0
-0.21564598381519318,0.07875014841556549,0.07951482385396957,-0.6034306287765503,-0.06903354659386951
-0.314720094203949,0.10834762454032898,0.10831288248300552,-0.7721196413040161,0.0
0.04591263830661774,0.0007875252631492913,0.0001890822168206796,-1.0666667222976685,0.0
-0.2107132077217102,0.04678569361567497,0.04971235617995262,-0.5774924755096436,0.0
-0.13932591676712036,0.020276792347431183,0.018786931410431862,-0.663730263710022,0.3039589070750286
-0.04692521691322327,0.005230078939348459,0.0028157655615359545,-1.0098766088485718,0.0
-0.19159787893295288,0.0037489053793251514,0.003827317152172327,-0.8177579641342163,0.26809821028829817
-0.06517142057418823,0.0046262540854513645,0.005155693739652634,-0.9505680799484253,0.1432425780659673
-0.042182520031929016,0.0036974428221583366,0.0027992837131023407,-0.689839243888855,0.0
-0.2528754770755768,0.0013586214045062661,0.0014750539558008313,-0.906607985496521,0.2992676647215132
0.024276843294501305,0.0002625169581733644,8.394745964324102e-05,-1.116057276725769,0.0
-0.02949322946369648,0.0035161301493644714,0.002335137687623501,-0.9639168977737427,0.0
-0.04811124876141548,0.005630868021398783,0.006326860282570124,-1.1059728860855103,0.14162667002313778
-0.21094383299350739,0.05006694048643112,0.04894791543483734,-0.5897883176803589,0.0
-0.4244338274002075,0.31018078327178955,0.3156302869319916,-0.5232623815536499,0.9720024597897415
-0.04294966906309128,0.001649975311011076,0.0033507372718304396,-0.6289304494857788,0.10450218083542384
-0.29711130261421204,0.014032570645213127,0.008233820088207722,-0.6721247434616089,0.2134918695798793
-0.3931247889995575,0.0016450561815872788,0.0056272828951478004,-0.7815154790878296,0.4803575170284814
-0.08843398094177246,0.05004757642745972,0.07196811586618423,-0.642720103263855,0.3507579542410785
0.00976131483912468,8.752845315029845e-05,1.2554622117022518e-05,-0.48357129096984863,0.0
-0.12363193184137344,0.04955309256911278,0.04806334152817726,-0.7377299070358276,0.3572867559773394
0.0006535705178976059,0.0003175245365127921,0.00027413081261329353,-0.6969467401504517,0.0
-0.15829136967658997,0.02194429747760296,0.02534443512558937,-0.8517457246780396,0.0
0.010904129594564438,8.990025889943354e-06,0.00017075854702852666,-0.841736912727356,0.0
-0.2179429680109024,0.17194558680057526,0.17156971991062164,-0.3841063976287842,0.6203472567961901
-0.28025978803634644,4.26418955612462e-05,9.617625437385868e-06,-0.5637160539627075,0.29090013623078503
-0.27933141589164734,0.03651488944888115,0.040114905685186386,-0.6304038763046265,0.10788209959814743
-0.3776439428329468,0.0009748775046318769,6.456368282670155e-05,-0.6470474004745483,0.37783285377829645
-0.32535290718078613,0.07911726832389832,0.08313223719596863,-0.49425745010375977,0.049189119823867644
0.028210461139678955,0.00015792271005921066,5.315949965734035e-05,-0.9131053686141968,0.0
-0.2984667420387268,0.05095220357179642,0.05443708226084709,-0.7715221643447876,0.07540917819441784
-0.09897715598344803,1.5204762348730583e-05,0.0002512147184461355,-0.45391058921813965,0.1240451350565529
-0.2761591076850891,0.13930566608905792,0.15313294529914856,-0.4325066804885864,-0.09074792437935875
-0.3049859404563904,0.08642960339784622,0.08741768449544907,-0.2758601903915405,0.0
-0.12256518006324768,0.04807129129767418,0.04775027930736542,-0.5670410394668579,-0.07345099000442645
-0.2581976652145386,4.149949745624326e-05,6.771770858904347e-05,-0.505980372428894,0.27532625045586134
-0.0578434020280838,0.001012807828374207,0.00155752117279917,-0.936235785484314,0.11541246982498521
-0.037203554064035416,0.00160479627083987,0.002061898587271571,-0.9773346185684204,0.0
-0.023395126685500145,0.0015734959160909057,0.00217577931471169,-0.9345265626907349,0.0
-0.07216937839984894,0.015608374960720539,0.00783616304397583,-0.8852370977401733,0.0
0.0033968361094594,0.0003158388426527381,0.00027583210612647235,-0.8025902509689331,0.0
-0.2557675540447235,0.23548954725265503,0.2337166965007782,-0.7389692068099976,0.7561564239420324
-0.345727801322937,0.04614390432834625,0.02805149368941784,-0.5869792699813843,0.5668392820898902
0.03670746833086014,0.0005395796615630388,0.00042322001536376774,-0.8015357255935669,0.0
-0.04458857327699661,0.001962050097063184,0.0025474338326603174,-0.9578474760055542,0.0
-0.3667781949043274,0.29412341117858887,0.2966707944869995,-1.0216389894485474,0.9187798955706303
0.029234036803245544,2.832076916092774e-06,1.3562409549194854e-05,-0.8167954683303833,-0.023689657108217133
-0.06141354516148567,0.004052646458148956,0.0024987678043544292,-0.7422839403152466,0.0
-0.2462482899427414,0.08526761829853058,0.09692227840423584,-0.7805510759353638,0.5711429767620232
-0.007314410991966724,3.642357114586048e-06,0.0003257379576098174,-0.5968402624130249,0.0
-0.4154524803161621,0.0009979421738535166,0.0008517640526406467,-0.8857871294021606,0.3832992847600726
-0.19526571035385132,0.12350732088088989,0.11775017529726028,-0.6185325384140015,0.5517957289837804
-0.3657973110675812,0.004313599783927202,0.004234349820762873,-0.5290666818618774,0.4050256753337006
-0.37165141105651855,0.22441336512565613,0.2202807366847992,-0.8165522813796997,-0.07066278455286445
-0.18291102349758148,0.03390829637646675,0.03452901169657707,-0.8241070508956909,0.0098646019162687
0.023426661267876625,0.0006056732381694019,0.00028131180442869663,-0.9398967027664185,0.0
-0.023455936461687088,0.0011061906116083264,0.0005387291894294322,-0.9003521203994751,0.0
-0.24965472519397736,0.065709687769413,0.06888975203037262,-0.5070714950561523,0.0
-0.2927493155002594,0.1352960467338562,0.13834746181964874,-0.4875967502593994,0.6682568179239619
-0.04759273678064346,0.04892054200172424,0.05783349275588989,-0.4268118143081665,0.29330764319198155
-0.38774606585502625,0.008773802779614925,0.010539136826992035,-0.4457792043685913,0.5023947541609234
-0.05095494166016579,0.000964390579611063,0.0015479718567803502,-0.35728585720062256,0.09939966056167127
-0.25269588828086853,0.019929759204387665,0.016750426962971687,-0.39958298206329346,0.395175106783613
-0.35882505774497986,0.20271994173526764,0.20221781730651855,-0.6321173906326294,0.815857840295848
-0.4221065044403076,0.006450488697737455,0.01033724844455719,-0.5521260499954224,0.5324901102158821
-0.10279601067304611,0.011204120703041553,0.018743546679615974,-0.36503398418426514,0.0
-0.3790561258792877,0.016706977039575577,0.01933962106704712,-0.5861388444900513,0.5390120397694291
-0.047080814838409424,0.008687132969498634,0.010755262337625027,-0.7209430932998657,0.16805395572553172
-0.22448930144309998,0.04955757409334183,0.050575654953718185,-0.372538685798645,0.0
-0.5065414309501648,0.018392905592918396,0.02020491473376751,-1.1398483514785767,0.3820774974859844
0.02579459734261036,0.015253493562340736,0.013006442226469517,-0.9428309202194214,0.11317751602128856
-0.461885005235672,0.0417967364192009,0.04367668554186821,-1.199508786201477,0.6886850265691868
-0.06836067140102386,0.00412064790725708,0.004119951743632555,-0.5167974233627319,0.0
-0.02039514295756817,0.0012260540388524532,0.0013260351261124015,-0.5929890871047974,0.0
-0.3854626715183258,0.06243942677974701,0.05586430802941322,-0.4680837392807007,0.629550982560758
-0.06184239685535431,0.005138594191521406,0.004453484434634447,-0.6516519784927368,0.0
0.00792915653437376,0.00831100158393383,0.0051026237197220325,-0.7918051481246948,0.10341010855237964
0.013766521587967873,4.800932219950482e-05,0.00030286956462077796,-0.48806726932525635,0.0
-0.07772994041442871,0.0620025135576725,0.05445443093776703,-0.32398509979248047,-0.15677025229146435
-0.49660056829452515,0.17735259234905243,0.17573529481887817,-1.0889722108840942,0.09732722239065505
-0.48581749200820923,0.009055216796696186,0.010927319526672363,-0.9843302965164185,0.38816519911374736
-0.02766878344118595,0.03306695818901062,0.029772255569696426,-0.6380690336227417,0.2184348275306096
-0.006805650424212217,0.00016342657909262925,0.0010457973694428802,-0.7072824239730835,0.0
-0.05806992948055267,0.0006426801555790007,0.0007878727628849447,-0.6587821245193481,0.09375911124921232
-0.20057468116283417,0.045530665665864944,0.04472823813557625,-0.4545598030090332,0.0
-0.5615391731262207,0.12379118800163269,0.1251981407403946,-1.1496621370315552,0.20408522713381838
0.03616200387477875,5.7323828514199704e-05,0.0005415873602032661,-0.612970232963562,0.0
-0.08493269979953766,0.0003435126563999802,0.00034636567579582334,-0.3054295778274536,0.11637613805011848
-0.14773841202259064,0.00025923075736500323,0.0006815496599301696,-0.0854635238647461,0.13838634890667978
-0.11323428153991699,0.12234445661306381,0.13140544295310974,-0.381386399269104,-0.2343707798771283
-0.06270437687635422,0.0028403126634657383,0.003982568625360727,-0.4423712491989136,0.0
-0.5044156312942505,0.001818065415136516,0.001092310412786901,-0.5706019401550293,0.5458368856141373
-0.18258628249168396,0.030732138082385063,0.03535399213433266,-0.18150341510772705,0.3862102572396512
0.01541145145893097,3.358275080245221e-06,7.378358714049682e-05,-1.2068368196487427,0.0
-0.0557778999209404,0.007193927187472582,0.0048743365332484245,-0.5107998847961426,0.0
-0.10251484811306,0.030333638191223145,0.02757643349468708,-0.5260969400405884,0.2879004953720511
-0.12653474509716034,0.016877248883247375,0.02003726363182068,-0.351900577545166,0.0
0.00033634930150583386,2.2992024241830222e-05,0.0006518202135339379,-0.9405142068862915,0.0
-0.008770192041993141,0.0007869407418183982,0.0003207068657502532,-0.8717578649520874,0.0
-0.3596976399421692,0.1425415724515915,0.14556576311588287,-0.49051356315612793,0.0
-0.007941508665680885,3.543557340890402e-06,1.3116584341332782e-05,-0.9087380170822144,0.0
-0.021887553855776787,0.0005565375904552639,0.0003854556707665324,-0.9476150274276733,0.0
-0.1416703313589096,0.02298288606107235,0.024095766246318817,-0.5309253931045532,0.014685213705295186
0.006913891993463039,1.1985765013378114e-05,1.1930577784369234e-05,-0.736587643623352,0.0
-0.0316505953669548,0.0027951113879680634,0.002187367994338274,-0.6806248426437378,0.0
-0.1826990693807602,0.04418186470866203,0.04142845794558525,-0.7987309694290161,0.0
-0.20219406485557556,0.00044241169234737754,0.0003590031119529158,-0.766708493232727,0.22767140692856624
-0.043569453060626984,0.06548245996236801,0.07038682699203491,-0.6994000673294067,0.30761352509832673
0.030225086957216263,0.0003885224577970803,2.0982939531677403e-05,-0.9869297742843628,0.0
-0.42138803005218506,0.08863112330436707,0.08976655453443527,-1.0344070196151733,0.7261807562949607
-0.0632825493812561,0.12582756578922272,0.1290637105703354,-0.7877722978591919,0.4339333207223661
-0.16639921069145203,0.1276833862066269,0.11801836639642715,-0.7935525178909302,0.5405291605635806
-0.17532283067703247,0.029735293239355087,0.03531554713845253,-0.772765040397644,0.0
-0.09753911197185516,0.10084648430347443,0.08784791082143784,-0.6774646043777466,0.4212699367964784
-0.4693250358104706,0.12100515514612198,0.12014327198266983,-0.9839299917221069,0.1392115281308417
-0.19282302260398865,0.0006669518770650029,0.0004665783781092614,-0.8995622396469116,0.22971331554085683
0.013001523911952972,1.4437431673286483e-05,8.274609717773274e-05,-1.0828410387039185,0.0
0.051849231123924255,0.0011080513941124082,0.00011605759937083349,-1.2122284173965454,0.0
-0.008607408031821251,0.0002048060268862173,0.00019019050523638725,-1.0230392217636108,0.0
-0.05260332673788071,0.005445580929517746,0.003908571321517229,-0.7659240961074829,0.0
-0.06553001701831818,0.011366358958184719,0.014724481850862503,-0.8027642965316772,0.19643460653594225
-0.029247011989355087,0.03973948210477829,0.040422048419713974,-0.7060273885726929,0.24154773182256173
-0.041394248604774475,0.11970198899507523,0.12444143742322922,-0.7364579439163208,0.38849801601813394
-0.6278892159461975,0.010388015769422054,0.012517081573605537,-1.3618794679641724,0.754243168644284
-0.39373233914375305,0.0001271644578082487,0.0003770714974962175,-0.9023596048355103,0.40914574337422616
-0.4918060004711151,0.0850876048207283,0.08280421793460846,-0.5496220588684082,0.7767396960495465
-0.21174457669258118,0.11151928454637527,0.11842113733291626,-0.5383269786834717,-0.10449693984026676
-0.36465612053871155,0.003145512891933322,0.0035077021457254887,-0.8489850759506226,0.4289120769799931
-0.27764540910720825,1.5148858437896706e-05,9.509405458629772e-07,-0.6373344659805298,0.2912710071163447
0.026407871395349503,8.127387991407886e-05,1.6115847074615886e-06,-1.2642585039138794,0.0
-0.3813454806804657,0.010805930010974407,0.010849264450371265,-0.9786041975021362,0.4989310096624674
-0.07662482559680939,0.00857409369200468,0.00643161591142416,-0.6476820707321167,0.0
0.03854382783174515,0.0006254176259972155,0.00023463925754185766,-0.9499582052230835,0.0
-0.4698350429534912,0.07852767407894135,0.08169011026620865,-1.278098225593567,0.20441360154762633
-0.21752257645130157,0.05121411755681038,0.04683762788772583,-1.0117636919021606,0.0
-0.3927823007106781,0.14284080266952515,0.14531345665454865,-1.034856915473938,0.0
-0.2944513261318207,0.0003843856684397906,7.551764429081231e-05,-0.7528797388076782,0.2917287117934414
-0.020015466958284378,0.000615628610830754,0.0002006938448175788,-0.5011734962463379,0.0
-0.06106286495923996,0.004919200204312801,0.005438230000436306,-0.7309175729751587,0.0
-0.04018186032772064,0.002663395367562771,0.002822434064000845,-0.7854393720626831,0.0018264868691708624
-0.2639131247997284,0.03199387714266777,0.030201371759176254,-0.5090987682342529,0.4513936298972244
-0.31155481934547424,0.005699014291167259,0.005478245671838522,-0.69694983959198,0.3900783830778094
-0.13009406626224518,0.006499493028968573,0.005269905552268028,-0.5558795928955078,0.07904645349958195
0.027414286509156227,0.0011238320730626583,0.0005316141759976745,-0.5767170190811157,0.0
0.06554989516735077,0.0034465868957340717,0.0019168488215655088,-0.5465949773788452,0.0014664101449389788
-0.4878532588481903,0.21654117107391357,0.2202925980091095,-1.0724095106124878,0.06172890678864573
-0.03399207070469856,0.003809852059930563,0.004126652143895626,-0.9169107675552368,-0.02061256208292983
0.03665085509419441,0.000630814756732434,0.0004971972084604204,-0.8630892038345337,0.0
-0.07664497941732407,0.04188181087374687,0.04222802817821503,-0.44758033752441406,0.2851208848336012
-0.020310387015342712,0.0006202603108249605,0.0020603821612894535,-0.31564152240753174,0.0
0.029515041038393974,0.0018063377356156707,1.3845720786775928e-05,-0.3214486837387085,0.0
-0.47585025429725647,0.15443331003189087,0.1583530753850937,-1.242850661277771,0.871162834416307
-0.015433922410011292,0.000336470635375008,4.111698581255041e-05,-0.6359437704086304,0.0
0.022512705996632576,0.0004948395653627813,0.0008183073368854821,-0.5874291658401489,0.0
-0.2119903415441513,0.210800901055336,0.21560457348823547,-0.6689070463180542,0.6902065286836826
-0.045562744140625,0.002991832559928298,0.002728389808908105,-0.4076195955276489,0.0
-0.31217366456985474,0.0011119376868009567,0.0013010355178266764,-0.7165063619613647,0.29323826902508965
0.024090789258480072,3.377298344275914e-05,6.920163286849856e-05,-0.7530661821365356,0.0
-0.08251208066940308,0.010813446715474129,0.008759182877838612,-0.6423014402389526,0.0
-0.05024518817663193,0.0026417614426463842,0.001722631393931806,-0.5463898181915283,0.0
0.02181832864880562,9.774530553841032e-07,3.404562085052021e-05,-1.3311363458633423,0.0
-0.21469362080097198,0.030892709270119667,0.03376547619700432,-0.4510829448699951,0.04151333034220017
-0.05234912037849426,0.0055326553992927074,0.0071663279086351395,-0.3863919973373413,0.14552600371107038
-0.4620991349220276,0.01766880229115486,0.014094911515712738,-0.9014846086502075,0.36104166077090205
0.05419200286269188,0.0017753230640664697,0.0012262497330084443,-0.777312159538269,0.0
0.03505295142531395,0.0009724494884721935,4.82225623272825e-05,-0.5360186100006104,0.0
-0.009447427466511726,0.0004886455717496574,0.00012169302499387413,-0.4095735549926758,0.0
-0.03182676061987877,0.0016652836930006742,0.001453265780583024,-0.28652334213256836,0.0
-0.3919640779495239,0.018716545775532722,0.020300367847085,-0.6396597623825073,0.26475113116922744
-0.046040333807468414,0.011106127873063087,0.004101389553397894,-1.154361605644226,0.0
-0.25504225492477417,0.023501818999648094,0.029491176828742027,-0.30209267139434814,0.10010134595626285
-0.017030274495482445,0.013440852984786034,0.012016277760267258,-1.0238474607467651,0.14895732664183237
-0.03763606399297714,0.00932853389531374,0.01750469021499157,-0.7520855665206909,0.1713365391110262
0.019062109291553497,6.490729720098898e-05,5.90598347116611e-06,-0.7924467325210571,0.0
0.020574748516082764,5.211075767874718e-05,3.440154978306964e-05,-1.1125363111495972,0.0
-0.20020629465579987,0.03629503771662712,0.034272510558366776,-0.7333341836929321,0.3996484482871592
-0.38729628920555115,0.0005740513443015516,0.0016128974966704845,-1.017478346824646,0.4416993681790323
-0.10637596249580383,0.030368320643901825,0.025189602747559547,-0.6983672380447388,-0.07044732147675159
-0.19705265760421753,0.041271012276411057,0.04121589660644531,-0.6037789583206177,0.0
-0.1709916591644287,0.003210183000192046,0.0036145613994449377,-0.651995062828064,0.24060607871759432
-0.0036732330918312073,0.00021254218881949782,0.00047207626630552113,-0.8255606889724731,0.0
-0.0484461672604084,0.00039890280459076166,0.00037981828791089356,-0.7412015199661255,0.047243278686929124
-0.163533017039299,0.027971623465418816,0.027406617999076843,-0.812912106513977,0.3524335127565189
-0.24803851544857025,0.146455317735672,0.13903243839740753,-1.1764360666275024,0.6370885284436523
-0.4512368440628052,0.09374484419822693,0.09497467428445816,-0.908704400062561,0.7825056925536427
-0.01081844326108694,0.0008906999719329178,0.0006335550569929183,-0.8549286127090454,0.0
0.020721297711133957,6.719487282680348e-05,0.00010353132529417053,-0.8383699655532837,0.0
-0.03638197481632233,0.001996900886297226,0.002160535892471671,-0.8013395071029663,0.0
-0.06222006306052208,0.005464432295411825,0.00389804202131927,-0.6383556127548218,0.0
-0.2189393788576126,0.05521368980407715,0.05505531653761864,-0.7741430997848511,0.0
-0.0031244372949004173,0.00017786725948099047,0.0002258725871797651,-1.0078243017196655,0.0
-0.0638284683227539,0.004700982011854649,0.004287639167159796,-1.0581530332565308,0.0
-0.037174955010414124,0.0026916968636214733,0.0022814625408500433,-0.7044016122817993,0.0
-0.06089227646589279,0.004753418732434511,0.0036922877188771963,-0.4975447654724121,0.0
-0.016641724854707718,0.0003369874320924282,0.00020148181647527963,-0.777884840965271,0.0
-0.08599280565977097,0.07246047258377075,0.07860947400331497,-0.6982682943344116,0.3598885901678889
-0.16696591675281525,0.0002888750459533185,0.0005741013446822762,-0.8169335126876831,0.19697907768045064
-0.06266456097364426,0.004763354547321796,0.005193735007196665,-0.6229549646377563,0.0
-0.1768101453781128,0.003687075339257717,0.003914778120815754,-0.7656015157699585,0.1254777660957206
-0.30107659101486206,0.022462712600827217,0.02646615356206894,-0.8516861200332642,0.16138831959540323
0.01043951977044344,7.481510692741722e-05,2.4389646569034085e-05,-0.7681199312210083,0.0
-0.24711178243160248,0.08905624598264694,0.09440605342388153,-0.7891010046005249,-0.037610146428358915
-0.09396897256374359,0.014446821995079517,0.013236260041594505,-0.6879733800888062,0.0
-0.24696946144104004,0.15319998562335968,0.1447376012802124,-0.8216210603713989,0.6539642725720574
-0.18572261929512024,0.17945659160614014,0.1815173178911209,-0.9036668539047241,0.6229212958418721
-0.27275240421295166,0.16507209837436676,0.1474286913871765,-0.5932480096817017,0.6872430123693195
-0.5099555850028992,0.11111264675855637,0.11711078137159348,-0.9085177183151245,0.8602455760506141
-0.10092845559120178,0.11395741254091263,0.13177382946014404,-0.7156995534896851,0.4416415383398439
-0.017827343195676804,0.0013971904991194606,0.0009591095149517059,-0.6058477163314819,0.0
-0.19332967698574066,0.024053853005170822,0.026343801990151405,-1.00794517993927,0.3606404222248726
-0.06943749636411667,0.0054236422292888165,0.006407874636352062,-0.5669351816177368,0.1525091357845514
-0.2680495083332062,0.2200758308172226,0.218422070145607,-0.9070919752120972,0.7399638276978534
-0.2804186940193176,0.04705454036593437,0.04423917829990387,-0.8008424043655396,0.08134497243578187
-0.2941574454307556,0.186469167470932,0.17979735136032104,-0.9657984972000122,0.7382357044238014
-0.3468000590801239,0.05605290085077286,0.05584556609392166,-1.1410938501358032,0.1274646671460009
0.028482630848884583,0.00412535248324275,0.0037880726158618927,-0.9139176607131958,0.04469236437303148
-0.044276878237724304,0.004120863974094391,0.003907623700797558,-0.7162801027297974,0.0
-0.4366113245487213,0.09412624686956406,0.09544993937015533,-0.9316891431808472,0.1489180300003059
-0.1014954224228859,0.12061438709497452,0.1122998371720314,-0.872498631477356,-0.2439287999848534
0.0024305889382958412,8.35137179819867e-05,0.00015326136781368405,-0.7377418279647827,0.0
0.012469305656850338,3.2879572245292366e-05,3.1300685350288404e-06,-0.8520013093948364,0.0
-0.346428781747818,0.11467299610376358,0.12311382591724396,-1.0250712633132935,0.03041507264208898
-0.32537248730659485,0.031236981973052025,0.027313463389873505,-1.1475759744644165,0.5187456316765572
-0.054489053785800934,0.003978130407631397,0.0038388685788959265,-1.1050535440444946,0.0
-0.001191863790154457,0.0002598314022179693,0.00026136948144994676,-0.9663399457931519,0.0
